player,team,games,position,recTarg,recRec,recRec40s,recYds,recYds100Games,recTds,recTd40s,recDrops,catch,depth,ypt,ypr,rac,rzRecTarg,rzRecRec,rzRecTds,rzRecTargPct,rzRecRecPct,rzRecTdPct,ezRecTarg,ezRecTds,ezRecTargPct,ezRecRecPct,ezRecTdPct,rushCarries,rush40s,rushYds,rushYds100Games,rushTds,rushTd40s,ypc,yac,rushTa,tat,fumbles,rzRushCarries,rzRushTds,rzRushPct,rzRushTdPct,i5RushCarries,i5RushTds,i5RushPct,i5RushTdPct,patConversions,patAttempts,fantasyPts,ptsPerSnap,ptsPerTouch
Justin Jefferson,MIN,17,WR,176,128,6,1809,10,8,0,7,72.7,10.65,10.28,14.13,4.94,48,28,8,27.3,21.9,100,14,2,8,1.6,25,4,0,24,0,1,0,6,1.25,1,0.25,0,1,1,25,100,1,1,25,100,1,1,365.3,0.34,2.77
Tyreek Hill,MIA,17,WR,167,119,7,1710,7,7,4,4,71.3,12.7,10.24,14.37,4.09,27,13,6,16.2,10.9,85.7,5,3,3,2.5,42.9,7,0,32,0,1,0,4.57,2.71,1,0.14,1,2,1,28.6,100,1,1,14.3,100,0,0,341.2,0.43,2.71
Davante Adams,LV,17,WR,168,100,7,1516,8,14,5,6,59.5,12.79,9.02,15.16,5.02,45,22,11,26.8,22,78.6,16,6,9.5,6,42.9,3,0,-1,0,0,0,-0.33,1.33,1,0.33,1,0,0,0,0,0,0,0,0,0,2,335.5,0.32,3.26
Stefon Diggs,BUF,16,WR,149,108,6,1429,7,11,3,9,72.5,11.87,9.59,13.23,3.9,36,20,11,24.2,18.5,100,18,8,12.1,7.4,72.7,1,0,-3,0,0,0,-3,0,0,0,1,0,0,0,0,0,0,0,0,0,0,316.6,0.38,2.9
A.J. Brown,PHI,17,WR,137,88,6,1496,5,11,2,6,64.2,12.87,10.92,17,6.42,39,21,10,28.5,23.9,90.9,10,6,7.3,6.8,54.5,0,0,0,0,0,0,0,0,0,0,2,0,0,0,0,0,0,0,0,0,0,303.6,0.3,3.45
CeeDee Lamb,DAL,17,WR,148,107,0,1359,5,9,0,5,72.3,10.49,9.18,12.7,4.64,32,23,9,21.6,21.5,100,6,4,4.1,3.7,44.4,10,0,47,0,0,0,4.7,3.3,2,0.2,0,1,0,10,0,0,0,0,0,0,1,301.6,0.3,2.58
Amon-Ra St. Brown,DET,16,WR,139,106,1,1161,4,6,0,4,76.3,6.68,8.35,10.95,5.13,27,18,6,19.4,17,100,5,3,3.6,2.8,50,9,1,95,0,0,0,10.56,3.56,1,0.11,0,4,0,44.4,0,1,0,11.1,0,0,0,267.6,0.32,2.33
Jaylen Waddle,MIA,17,WR,114,75,6,1356,6,8,3,8,65.8,12.16,11.89,18.08,6.95,22,12,5,19.3,16,62.5,6,3,5.3,4,37.5,3,0,26,0,0,0,8.67,1,0,0,1,0,0,0,0,0,0,0,0,0,1,261.2,0.33,3.35
DeVonta Smith,PHI,17,WR,132,95,4,1196,5,7,1,5,72,9.9,9.06,12.59,5.13,22,13,7,16.7,13.7,100,7,3,5.3,3.2,42.9,0,0,0,0,0,0,0,0,0,0,1,0,0,0,0,0,0,0,0,0,1,256.6,0.24,2.7
Amari Cooper,CLV,17,WR,126,78,4,1160,5,9,1,6,61.9,13.29,9.21,14.87,3.79,37,15,8,29.4,19.2,88.9,16,6,12.7,7.7,66.7,0,0,0,0,0,0,0,0,0,0,0,0,0,0,0,0,0,0,0,0,1,248,0.25,3.18
Ja'Marr Chase,CIN,12,WR,127,87,3,1046,4,9,2,6,68.5,9.85,8.24,12.02,4.79,42,23,7,33.1,26.4,77.8,14,5,11,5.7,55.6,5,0,8,0,0,0,1.6,3.6,2,0.4,2,1,0,20,0,0,0,0,0,0,0,246.4,0.31,2.68
Christian Kirk,JAX,17,WR,123,84,2,1108,3,8,0,8,68.3,9.75,9.01,13.19,4.61,28,16,8,22.8,19,100,7,5,5.7,6,62.5,5,0,11,0,0,0,2.2,1.6,1,0.2,1,0,0,0,0,0,0,0,0,0,1,243.9,0.25,2.74
Tyler Lockett,SEA,16,WR,109,84,1,1033,3,9,1,2,77.1,11.4,9.48,12.3,3.26,27,18,8,24.8,21.4,88.9,10,6,9.2,7.1,66.7,0,0,0,0,0,0,0,0,0,0,1,0,0,0,0,0,0,0,0,0,0,241.3,0.3,2.87
D.K. Metcalf,SEA,17,WR,139,90,3,1048,2,6,1,5,64.7,12.09,7.54,11.64,2.57,34,11,5,24.5,12.2,83.3,22,5,15.8,5.6,83.3,0,0,0,0,0,0,0,0,0,0,2,0,0,0,0,0,0,0,0,0,1,230.8,0.26,2.56
Brandon Aiyuk,SF,17,WR,112,78,1,1015,1,8,0,5,69.6,10.34,9.06,13.01,4.74,24,13,8,21.4,16.7,100,3,2,2.7,2.6,25,2,0,23,0,0,0,11.5,4,0,0,1,0,0,0,0,0,0,0,0,0,1,229.8,0.23,2.87
Terry McLaurin,WAS,17,WR,115,77,6,1191,4,5,1,3,67,13.05,10.36,15.47,5.14,25,17,5,21.7,22.1,100,7,2,6.1,2.6,40,7,0,29,0,0,0,4.14,2.29,0,0,1,0,0,0,0,0,0,0,0,0,0,229,0.22,2.73
Mike Evans,TB,15,WR,123,77,5,1133,3,6,2,4,62.6,14.21,9.21,14.71,2.95,33,18,6,26.8,23.4,100,10,4,8.1,5.2,66.7,0,0,0,0,0,0,0,0,0,0,0,0,0,0,0,0,0,0,0,0,1,226.3,0.24,2.94
Chris Godwin,TB,15,WR,137,104,1,1023,2,3,0,5,75.9,5.96,7.47,9.84,5.02,19,13,3,13.9,12.5,100,3,1,2.2,1,33.3,3,0,5,0,0,0,1.67,2,0,0,2,2,0,66.7,0,0,0,0,0,1,3,224.8,0.26,2.1
Tee Higgins,CIN,16,WR,104,74,3,1029,4,7,2,4,71.2,11.6,9.89,13.91,3.78,28,16,6,26.9,21.6,85.7,6,2,5.8,2.7,28.6,0,0,0,0,0,0,0,0,0,0,0,0,0,0,0,0,0,0,0,1,1,218.9,0.29,2.96
Michael Pittman Jr.,IND,16,WR,139,99,0,925,2,4,0,5,71.2,7.71,6.65,9.34,3.46,22,13,4,15.8,13.1,100,8,3,5.8,3,75,3,0,30,0,0,0,10,4,1,0.33,2,0,0,0,0,0,0,0,0,0,1,218.5,0.21,2.14
Garrett Wilson,NYJ,17,WR,139,83,3,1103,3,4,1,2,59.7,10.99,7.94,13.29,4.69,29,10,3,20.9,12,75,11,2,7.9,2.4,50,4,0,4,0,0,0,1,1.75,1,0.25,2,1,0,25,0,0,0,0,0,0,0,217.7,0.25,2.5
Jerry Jeudy,DEN,15,WR,100,68,5,987,3,6,1,6,68,12.08,9.87,14.51,6.15,21,12,5,21,17.6,83.3,9,3,9,4.4,50,3,0,26,0,0,0,8.67,6.33,1,0.33,0,0,0,0,0,0,0,0,0,0,0,205.3,0.29,2.89
Cooper Kupp,LA,9,WR,95,75,2,812,5,6,2,1,78.9,7.48,8.55,10.83,5.59,17,12,4,17.9,16,66.7,6,3,6.3,4,50,9,0,52,0,1,0,5.78,0.78,1,0.11,2,1,1,11.1,100,0,0,0,0,0,0,203.4,0.38,2.42
Chris Olave,NO,15,WR,114,72,4,1044,3,4,1,3,63.2,14.95,9.16,14.5,3.04,27,11,4,23.7,15.3,100,5,2,4.4,2.8,50,0,0,0,0,0,0,0,0,0,0,2,0,0,0,0,0,0,0,0,1,1,200.4,0.33,2.78
D.J. Moore,CAR,17,WR,109,63,4,888,3,7,1,3,57.8,14,8.15,14.1,3.03,25,13,7,22.9,20.6,100,11,5,10.1,7.9,71.4,10,0,53,0,0,0,5.3,3.2,2,0.2,0,1,0,10,0,0,0,0,0,0,0,199.1,0.2,2.73
Zay Jones,JAX,16,WR,117,82,1,823,2,5,1,8,70.1,9.41,7.03,10.04,3.65,32,15,4,27.4,18.3,80,13,3,11.1,3.7,60,4,0,18,0,0,0,4.5,2.5,1,0.25,0,2,0,50,0,1,0,25,0,1,1,196.1,0.21,2.28
JuJu Smith-Schuster,KC,16,WR,97,78,4,933,2,3,2,3,80.4,7.08,9.62,11.96,5.94,23,19,1,23.7,24.4,33.3,3,1,3.1,1.3,33.3,0,0,0,0,0,0,0,0,0,0,3,0,0,0,0,0,0,0,0,0,0,189.3,0.25,2.43
Drake London,ATL,17,WR,114,72,1,866,1,4,0,2,63.2,11.24,7.6,12.03,3.21,31,16,4,27.2,22.2,100,10,3,8.8,4.2,75,0,0,0,0,0,0,0,0,0,0,3,0,0,0,0,0,0,0,0,1,1,182.6,0.22,2.54
Jakobi Meyers,NE,14,WR,93,67,1,803,1,6,1,1,72,10.2,8.63,11.99,3.61,11,8,6,11.8,11.9,100,3,2,3.2,3,33.3,2,0,-11,0,0,0,-5.5,1.5,0,0,2,0,0,0,0,0,0,0,0,1,2,182.2,0.26,2.64
Curtis Samuel,WAS,17,WR,87,64,1,655,0,4,1,3,73.6,6.9,7.53,10.23,4.58,17,10,4,19.5,15.6,100,2,0,2.3,0,0,38,0,187,0,1,0,4.92,3.39,9,0.24,1,7,1,18.4,100,0,0,0,0,0,1,178.2,0.21,1.75
Adam Thielen,MIN,17,WR,103,70,0,716,0,6,0,1,68,10.47,6.95,10.23,2.3,36,25,6,35,35.7,100,9,5,8.7,7.1,83.3,1,0,4,0,0,0,4,2,0,0,0,0,0,0,0,0,0,0,0,1,2,178,0.17,2.51
Diontae Johnson,PIT,17,WR,141,86,0,882,0,0,0,8,61,10.73,6.26,10.26,2.83,30,10,0,21.3,11.6,0,11,0,7.8,0,0,7,0,25,0,0,0,3.57,2.14,0,0,1,2,0,28.6,0,0,0,0,0,2,2,176.7,0.17,1.9
Mike Williams,LAC,13,WR,90,63,2,895,4,4,0,1,70,12.73,9.94,14.21,5.1,27,14,4,30,22.2,100,7,3,7.8,4.8,75,0,0,0,0,0,0,0,0,0,0,0,0,0,0,0,0,0,0,0,0,0,176.5,0.25,2.8
Allen Lazard,GB,15,WR,98,60,2,788,1,6,0,4,61.2,12.91,8.04,13.13,4.43,27,13,6,27.6,21.7,100,11,3,11.2,5,50,2,0,0,0,0,0,0,1,0,0,0,0,0,0,0,0,0,0,0,0,1,174.8,0.2,2.82
Gabriel Davis,BUF,15,WR,93,48,3,835,1,7,2,7,51.6,16.27,8.98,17.4,2.94,33,13,6,35.5,27.1,85.7,11,3,11.8,6.3,42.9,0,0,0,0,0,0,0,0,0,0,1,0,0,0,0,0,0,0,0,0,1,173.5,0.19,3.61
Deebo Samuel,SF,13,WR,87,56,1,632,1,2,1,5,64.4,4.51,7.26,11.29,8.91,17,9,1,19.5,16.1,50,3,1,3.4,1.8,50,42,1,232,0,3,0,5.52,4.14,15,0.36,3,8,2,19,66.7,1,0,2.4,0,0,0,172.4,0.26,1.76
Keenan Allen,LAC,10,WR,85,66,2,776,3,4,0,0,77.6,9.04,9.13,11.76,4.17,19,12,4,22.4,18.2,100,8,3,9.4,4.5,75,1,0,8,0,0,0,8,2,0,0,1,0,0,0,0,0,0,0,0,0,0,168.4,0.33,2.51
Josh Palmer,LAC,16,WR,98,72,2,768,2,3,1,4,73.5,9.23,7.84,10.67,3.49,22,13,3,22.4,18.1,100,7,2,7.1,2.8,66.7,1,0,4,0,0,0,4,8,0,0,1,0,0,0,0,0,0,0,0,1,1,167.2,0.19,2.29
George Pickens,PIT,17,WR,84,52,1,801,1,4,0,4,61.9,15.64,9.54,15.4,2.12,20,8,4,23.8,15.4,100,8,2,9.5,3.8,50,3,0,24,0,1,0,8,2.33,0,0,0,1,1,33.3,100,1,1,33.3,100,1,1,164.5,0.19,2.99
Tyler Boyd,CIN,16,WR,80,58,3,762,2,5,2,1,72.5,9.9,9.53,13.14,4.24,18,14,4,22.5,24.1,80,4,3,5,5.2,60,0,0,0,0,0,0,0,0,0,0,0,0,0,0,0,0,0,0,0,1,2,164.2,0.21,2.83
Christian Watson,GB,14,WR,65,41,3,611,3,7,2,5,63.1,14.29,9.4,14.9,6.44,23,13,6,35.4,31.7,85.7,7,4,10.8,9.8,57.1,7,1,80,0,2,1,11.43,1.71,0,0,1,3,1,42.9,50,0,0,0,0,0,0,164.1,0.32,3.42
Donovan Peoples-Jones,CLV,17,WR,95,61,1,839,1,3,0,3,64.2,12.85,8.83,13.75,3.2,21,10,3,22.1,16.4,100,9,1,9.5,1.6,33.3,1,0,2,0,0,0,2,2,0,0,1,0,0,0,0,0,0,0,0,0,0,163.1,0.15,2.63
Courtland Sutton,DEN,15,WR,106,64,1,830,1,2,0,6,60.4,13.25,7.83,12.97,2.11,27,10,2,25.5,15.6,100,13,2,12.3,3.1,100,1,0,5,0,0,0,5,2,0,0,0,0,0,0,0,0,0,0,0,0,1,159.5,0.18,2.45
Marquise Brown,ARZ,12,WR,103,67,1,709,1,3,0,3,65,11.68,6.88,10.58,3.63,20,8,3,19.4,11.9,100,5,2,4.9,3,66.7,1,0,1,0,0,0,1,2,0,0,1,0,0,0,0,0,0,0,0,0,0,156,0.2,2.29
K.J. Osborn,MIN,17,WR,85,60,2,650,2,5,0,0,70.6,8.64,7.65,10.83,5.03,16,10,5,18.8,16.7,100,5,4,5.9,6.7,80,3,0,6,0,0,0,2,3.33,2,0.67,1,0,0,0,0,0,0,0,0,0,0,155.6,0.18,2.47
Mack Hollins,LV,17,WR,89,57,2,690,1,4,0,4,64,13.12,7.75,12.11,3.61,20,11,3,22.5,19.3,75,6,2,6.7,3.5,50,4,0,48,0,0,0,12,3.5,1,0.25,0,0,0,0,0,0,0,0,0,0,0,154.8,0.15,2.54
DeAndre Hopkins,ARZ,9,WR,93,64,0,717,2,3,0,1,68.8,10.72,7.71,11.2,2.77,17,8,2,18.3,12.5,66.7,4,1,4.3,1.6,33.3,0,0,0,0,0,0,0,0,0,0,2,0,0,0,0,0,0,0,0,0,2,153.7,0.28,2.4
Parris Campbell,IND,17,WR,85,63,1,623,0,3,0,3,74.1,6.47,7.33,9.89,4.52,14,7,2,16.5,11.1,66.7,1,1,1.2,1.6,33.3,5,0,58,0,0,0,11.6,3.8,3,0.6,1,1,0,20,0,0,0,0,0,0,1,149.1,0.15,2.19
Brandin Cooks,HST,13,WR,88,56,3,699,1,3,0,6,63.6,11.88,7.94,12.48,3.54,19,9,3,21.6,16.1,100,6,3,6.8,5.4,100,2,0,7,0,0,0,3.5,1,0,0,0,0,0,0,0,0,0,0,0,0,0,144.6,0.22,2.49
Richie James Jr.,NYG,15,WR,67,57,0,569,0,4,0,3,85.1,7.04,8.49,9.98,3.21,9,9,4,13.4,15.8,100,1,1,1.5,1.8,25,2,0,6,0,0,0,3,5.5,1,0.5,0,0,0,0,0,0,0,0,0,0,0,138.5,0.26,2.35
Darius Slayton,NYG,16,WR,70,46,3,724,0,2,1,6,65.7,12.56,10.34,15.74,5.8,10,5,1,14.3,10.9,50,2,1,2.9,2.2,50,0,0,0,0,0,0,0,0,0,0,2,0,0,0,0,0,0,0,0,0,0,130.4,0.19,2.83
Jahan Dotson,WAS,12,WR,56,35,2,523,1,7,0,3,62.5,15.39,9.34,14.94,4.11,19,9,6,33.9,25.7,85.7,8,6,14.3,17.1,85.7,2,0,-7,0,0,0,-3.5,0.5,0,0,0,0,0,0,0,0,0,0,0,1,2,128.6,0.2,3.48
Russell Gage,TB,13,WR,70,51,0,426,0,5,0,4,72.9,5.91,6.09,8.35,3.47,19,12,5,27.1,23.5,100,7,3,10,5.9,60,0,0,0,0,0,0,0,0,0,0,1,0,0,0,0,0,0,0,0,1,2,123.6,0.23,2.42
Marquez Valdes-Scantling,KC,17,WR,76,42,3,687,1,2,0,5,55.3,14.87,9.04,16.36,3.02,19,8,2,25,19,100,6,2,7.9,4.8,100,1,0,-3,0,0,0,-3,5,1,1,0,0,0,0,0,0,0,0,0,0,0,122.4,0.16,2.85
Isaiah McKenzie,BUF,15,WR,62,42,0,423,0,4,0,5,67.7,8.27,6.82,10.07,3.07,18,9,4,29,21.4,100,3,1,4.8,2.4,25,9,0,55,0,1,0,6.11,1.89,4,0.44,0,2,1,22.2,100,0,0,0,0,0,1,119.8,0.22,2.35
Robert Woods,TEN,17,WR,82,53,1,527,0,2,0,4,64.6,8.71,6.43,9.94,3.02,17,11,2,20.7,20.8,100,4,1,4.9,1.9,50,0,0,0,0,0,0,0,0,0,0,0,0,0,0,0,0,0,0,0,0,0,117.7,0.15,2.22
Marvin Jones Jr.,JAX,16,WR,80,46,0,529,1,3,0,6,57.5,14.24,6.61,11.5,2.09,20,8,3,25,17.4,100,8,3,10,6.5,100,0,0,0,0,0,0,0,0,0,0,0,0,0,0,0,0,0,0,0,0,0,116.9,0.17,2.54
Noah Brown,DAL,16,WR,70,43,2,555,0,3,0,4,61.4,11.7,7.93,12.91,2.91,18,12,3,25.7,27.9,100,5,3,7.1,7,100,0,0,0,0,0,0,0,0,0,0,1,0,0,0,0,0,0,0,0,0,1,116.5,0.14,2.71
DeAndre Carter,LAC,17,WR,64,46,0,538,0,3,0,2,71.9,9.72,8.41,11.7,4.48,17,10,3,26.6,21.7,100,6,2,9.4,4.3,66.7,2,0,-15,0,0,0,-7.5,0,0,0,1,0,0,0,0,0,0,0,0,0,0,116.3,0.17,2.42
Chris Moore,HST,16,WR,72,48,1,548,1,2,0,3,66.7,9.56,7.61,11.42,5.56,16,6,2,22.2,12.5,100,5,1,6.9,2.1,50,3,0,3,0,0,0,1,1.33,0,0,0,0,0,0,0,0,0,0,0,0,0,115.1,0.17,2.26
Greg Dortch,ARZ,16,WR,64,52,1,461,1,2,0,0,81.3,4.59,7.2,8.87,5.92,10,5,2,15.6,9.6,100,1,1,1.6,1.9,50,7,0,44,0,0,0,6.29,2.43,1,0.14,0,2,0,28.6,0,1,0,14.3,0,0,0,114.5,0.22,1.94
Alec Pierce,IND,16,WR,76,41,3,593,0,2,0,4,53.9,12.18,7.8,14.46,2.71,13,4,2,17.1,9.8,100,4,1,5.3,2.4,50,0,0,0,0,0,0,0,0,0,0,1,0,0,0,0,0,0,0,0,0,0,112.3,0.16,2.74
Kalif Raymond,DET,17,WR,62,47,3,616,0,0,0,0,75.8,10.03,9.94,13.11,4.83,14,6,0,22.6,12.8,0,2,0,3.2,0,0,7,0,36,0,0,0,5.14,3,5,0.71,1,1,0,14.3,0,0,0,0,0,0,0,112.2,0.2,2.08
Olamide Zaccheaus,ATL,17,WR,61,40,2,533,0,3,0,1,65.6,11.75,8.74,13.32,5.05,13,4,3,21.3,10,100,2,1,3.3,2.5,33.3,2,0,7,0,0,0,3.5,8,2,1,1,0,0,0,0,0,0,0,0,0,0,112,0.15,2.67
Devin Duvernay,BLT,14,WR,47,37,0,407,0,3,0,1,78.7,10.02,8.66,11,4.32,12,6,3,25.5,16.2,100,7,3,14.9,8.1,100,12,0,84,0,1,0,7,2.83,0,0,0,3,1,25,100,0,0,0,0,0,0,110.1,0.17,2.25
Demarcus Robinson,BLT,17,WR,74,48,0,458,1,2,0,5,64.9,9.85,6.19,9.54,3.13,15,5,2,20.3,10.4,100,8,2,10.8,4.2,100,0,0,0,0,0,0,0,0,0,0,2,0,0,0,0,0,0,0,0,0,0,105.8,0.17,2.2
Michael Gallup,DAL,14,WR,72,39,0,424,0,4,0,4,54.2,12.17,5.89,10.87,2.82,16,7,4,22.2,17.9,100,10,3,13.9,7.7,75,0,0,0,0,0,0,0,0,0,0,0,0,0,0,0,0,0,0,0,0,0,105.4,0.14,2.7
Josh Reynolds,DET,14,WR,56,38,0,479,0,3,0,2,67.9,13.23,8.55,12.61,3.08,20,9,3,35.7,23.7,100,11,3,19.6,7.9,100,0,0,0,0,0,0,0,0,0,0,0,0,0,0,0,0,0,0,0,0,0,103.9,0.17,2.73
Romeo Doubs,GB,13,WR,64,42,0,425,0,3,0,5,65.6,9.75,6.64,10.12,4.62,13,7,3,20.3,16.7,100,2,1,3.1,2.4,33.3,1,0,11,0,0,0,11,1,0,0,2,0,0,0,0,0,0,0,0,0,0,103.6,0.2,2.41
DeVante Parker,NE,13,WR,47,31,3,540,1,3,0,0,66,16.81,11.49,17.42,3.39,17,10,3,36.2,32.3,100,5,1,10.6,3.2,33.3,0,0,0,0,0,0,0,0,0,0,0,0,0,0,0,0,0,0,0,0,0,103,0.19,3.32
Chase Claypool,CHI,15,WR,76,46,0,451,0,1,0,2,60.5,11.04,5.93,9.8,3.09,14,4,1,18.4,8.7,100,4,1,5.3,2.2,100,9,0,59,0,0,0,6.56,3.33,2,0.22,1,1,0,11.1,0,1,0,11.1,0,0,0,103,0.16,1.87
Darnell Mooney,CHI,12,WR,58,40,1,493,0,2,0,1,69,12.64,8.5,12.32,4.25,14,7,2,24.1,17.5,100,6,2,10.3,5,100,1,0,2,0,0,0,2,2,0,0,0,1,0,100,0,0,0,0,0,0,1,101.5,0.16,2.48
Rashid Shaheed,NO,12,WR,34,28,4,487,0,2,2,0,82.4,11.56,14.32,17.39,6.18,3,2,1,8.8,7.1,50,0,0,0,0,0,4,1,57,0,1,1,14.25,1.25,3,0.75,1,0,0,0,0,0,0,0,0,0,0,100.4,0.34,3.14
Isaiah Hodgins,NYG,10,WR,45,37,0,392,0,4,0,0,82.2,9.31,8.71,10.59,2.54,10,8,4,22.2,21.6,100,3,3,6.7,8.1,75,0,0,0,0,0,0,0,0,0,0,1,0,0,0,0,0,0,0,0,1,1,100.2,0.23,2.71
D.J. Chark Jr.,DET,11,WR,51,30,3,502,1,3,1,3,58.8,15.86,9.84,16.73,4.6,16,6,3,31.4,20,100,4,2,7.8,6.7,66.7,0,0,0,0,0,0,0,0,0,0,0,0,0,0,0,0,0,0,0,0,0,98.2,0.18,3.27
Corey Davis,NYJ,13,WR,58,32,2,536,0,2,1,3,55.2,14.47,9.24,16.75,3.63,11,3,1,19,9.4,50,3,0,5.2,0,0,0,0,0,0,0,0,0,0,0,0,0,0,0,0,0,0,0,0,0,0,0,97.6,0.16,3.05
Nico Collins,HST,10,WR,64,37,1,481,0,2,0,0,57.8,12.78,7.52,13,3.89,16,4,2,25,10.8,100,6,2,9.4,5.4,100,0,0,0,0,0,0,0,0,0,0,0,0,0,0,0,0,0,0,0,0,0,97.1,0.22,2.62
Treylon Burks,TEN,11,WR,53,33,3,444,1,2,0,1,62.3,12.43,8.38,13.45,5.36,12,4,1,22.6,12.1,50,3,1,5.7,3,50,4,0,47,0,0,0,11.75,5,0,0,0,0,0,0,0,0,0,0,0,0,0,94.1,0.24,2.54
Mecole Hardman,KC,8,WR,33,25,0,297,0,4,0,2,75.8,8.3,9,11.88,6.56,12,9,4,36.4,36,100,3,2,9.1,8,50,4,0,31,0,2,0,7.75,1,1,0.25,0,1,1,25,50,1,1,25,50,0,0,93.8,0.31,3.23
Marquise Goodwin,SEA,13,WR,39,27,0,387,0,4,0,2,69.2,11.28,9.92,14.33,4.44,12,8,4,30.8,29.6,100,5,3,12.8,11.1,75,2,0,5,0,0,0,2.5,0.5,0,0,0,0,0,0,0,0,0,0,0,0,0,90.2,0.21,3.11
Kendrick Bourne,NE,16,WR,47,35,1,434,1,1,0,3,74.5,10.62,9.23,12.4,4.11,9,5,1,19.1,14.3,100,2,1,4.3,2.9,100,6,0,39,0,0,0,6.5,4.67,4,0.67,2,2,0,33.3,0,0,0,0,0,0,0,88.3,0.2,2.15
Elijah Moore,NYJ,16,WR,59,37,1,446,0,1,0,0,62.7,12.56,7.56,12.05,2.59,13,5,1,22,13.5,100,1,0,1.7,0,0,5,0,5,0,0,0,1,2.4,3,0.6,1,0,0,0,0,0,0,0,0,0,0,88.1,0.12,2.1
Rondale Moore,ARZ,8,WR,55,41,0,414,0,1,0,4,74.5,5.18,7.53,10.1,7.1,10,4,0,18.2,9.8,0,2,0,3.6,0,0,6,0,-5,0,0,0,-0.83,0.83,0,0,0,1,0,16.7,0,0,0,0,0,0,0,87.9,0.19,1.87
Quez Watkins,PHI,17,WR,49,33,2,354,0,3,1,0,67.3,9.61,7.22,10.73,4.58,9,4,3,18.4,12.1,100,2,0,4.1,0,0,3,0,0,0,0,0,0,1.67,0,0,1,1,0,33.3,0,0,0,0,0,0,0,86.4,0.13,2.4
Allen Robinson II,LA,10,WR,51,33,0,339,0,3,0,2,64.7,10.1,6.65,10.27,2.15,17,6,3,33.3,18.2,100,11,3,21.6,9.1,100,0,0,0,0,0,0,0,0,0,0,0,0,0,0,0,0,0,0,0,0,0,84.9,0.15,2.57
Bennett Skowronek,LA,14,WR,58,39,0,376,0,0,0,1,67.2,8.02,6.48,9.64,3.67,6,2,0,10.3,5.1,0,1,0,1.7,0,0,1,0,17,0,1,0,17,0,0,0,0,1,1,100,100,0,0,0,0,0,0,84.3,0.12,2.11
Trent Sherfield,MIA,17,WR,48,30,1,417,0,2,1,1,62.5,11.48,8.69,13.9,4.73,13,10,1,27.1,33.3,50,2,1,4.2,3.3,50,0,0,0,0,0,0,0,0,0,0,0,0,0,0,0,0,0,0,0,0,0,83.7,0.14,2.79
Terrace Marshall Jr.,CAR,14,WR,47,28,2,490,0,1,0,2,59.6,12.7,10.43,17.5,5.11,11,3,1,23.4,10.7,100,6,1,12.8,3.6,100,0,0,0,0,0,0,0,0,0,0,2,0,0,0,0,0,0,0,0,0,0,83,0.13,2.96
Nick Westbrook-Ikhine,TEN,17,WR,45,25,2,397,1,3,1,3,55.6,13.67,8.82,15.88,4.32,13,6,2,28.9,24,66.7,4,2,8.9,8,66.7,0,0,0,0,0,0,0,0,0,0,0,0,0,0,0,0,0,0,0,0,0,82.7,0.11,3.31
Jauan Jennings,SF,16,WR,53,35,1,416,0,1,0,4,66,8.77,7.85,11.89,5.03,9,4,1,17,11.4,100,2,1,3.8,2.9,100,0,0,0,0,0,0,0,0,0,0,1,0,0,0,0,0,0,0,0,0,0,82.6,0.17,2.36
Randall Cobb,GB,13,WR,48,34,1,417,0,1,0,2,70.8,10.19,8.69,12.26,5.35,12,7,1,25,20.6,100,5,1,10.4,2.9,100,0,0,0,0,0,0,0,0,0,0,1,0,0,0,0,0,0,0,0,0,0,81.7,0.22,2.4
Hunter Renfrow,LV,10,WR,49,36,0,330,0,2,0,0,73.5,6.51,6.73,9.17,4.47,4,3,2,8.2,8.3,100,1,1,2,2.8,50,0,0,0,0,0,0,0,0,0,0,3,0,0,0,0,0,0,0,0,0,1,81,0.21,2.25
Nelson Agholor,NE,16,WR,50,31,1,362,1,2,1,4,62,12.08,7.24,11.68,4.68,9,6,2,18,19.4,100,1,0,2,0,0,0,0,0,0,0,0,0,0,0,0,2,0,0,0,0,0,0,0,0,0,0,79.2,0.17,2.55
Van Jefferson,LA,11,WR,44,24,0,369,0,3,0,1,54.5,16.59,8.39,15.38,1.42,8,5,3,18.2,20.8,100,4,3,9.1,12.5,100,0,0,0,0,0,0,0,0,0,0,0,0,0,0,0,0,0,0,0,0,0,78.9,0.16,3.29
Laviska Shenault Jr.,CAR,13,WR,32,27,2,272,0,1,1,1,84.4,-0.78,8.5,10.07,12.41,3,2,0,9.4,7.4,0,0,0,0,0,0,9,1,65,0,1,1,7.22,1.67,0,0,0,0,0,0,0,0,0,0,0,0,0,72.7,0.35,2.02
Julio Jones,TB,10,WR,43,24,1,299,0,2,0,0,55.8,15.09,6.95,12.46,5.13,16,6,1,37.2,25,50,4,0,9.3,0,0,5,0,45,0,0,0,9,2.8,1,0.2,0,0,0,0,0,0,0,0,0,0,0,70.4,0.2,2.43
Jamal Agnew,JAX,15,WR,30,23,0,187,0,3,0,3,76.7,5.8,6.23,8.13,5.78,9,6,3,30,26.1,100,2,0,6.7,0,0,12,0,86,0,0,0,7.17,2.75,2,0.17,0,2,0,16.7,0,0,0,0,0,1,1,68.3,0.49,1.95
Tyquan Thornton,NE,13,WR,43,22,0,247,0,2,0,3,51.2,14.91,5.74,11.23,3,13,5,2,30.2,22.7,100,3,2,7,9.1,100,3,0,16,0,1,0,5.33,1,0,0,0,2,1,66.7,100,1,0,33.3,0,0,0,66.3,0.13,2.65
Dante Pettis,CHI,17,WR,36,19,2,245,0,3,2,3,52.8,10.19,6.81,12.89,3.26,8,4,2,22.2,21.1,66.7,5,2,13.9,10.5,66.7,2,0,37,0,0,0,18.5,0,0,0,0,0,0,0,0,0,0,0,0,0,1,65.2,0.12,3.1
Equanimeous St. Brown,CHI,16,WR,38,21,1,323,0,1,0,1,55.3,12.79,8.5,15.38,4.67,7,4,1,18.4,19,100,2,1,5.3,4.8,100,6,1,54,0,0,0,9,4.5,2,0.33,1,0,0,0,0,0,0,0,0,0,0,64.7,0.12,2.4
Shi Smith,CAR,16,WR,38,22,0,296,0,2,0,2,57.9,8.79,7.79,13.45,4.32,9,5,2,23.7,22.7,100,2,1,5.3,4.5,50,0,0,0,0,0,0,0,0,0,0,1,0,0,0,0,0,0,0,0,0,1,63.6,0.13,2.89
Tutu Atwell,LA,13,WR,35,18,2,298,0,1,1,1,51.4,17.89,8.51,16.56,3.67,12,6,1,34.3,33.3,100,2,0,5.7,0,0,9,0,34,0,1,0,3.78,1.11,0,0,0,3,1,33.3,100,0,0,0,0,0,0,63.2,0.21,2.34
Trenton Irwin,CIN,9,WR,22,15,1,231,0,4,1,0,68.2,12.59,10.5,15.4,4.07,10,6,4,45.5,40,100,4,3,18.2,20,75,1,0,11,0,0,0,11,2,0,0,0,0,0,0,0,0,0,0,0,0,0,63.2,0.22,3.95
A.J. Green,ARZ,15,WR,46,24,1,236,0,2,1,2,52.2,11.65,5.13,9.83,2.42,11,2,1,23.9,8.3,50,6,1,13,4.2,50,0,0,0,0,0,0,0,0,0,0,0,0,0,0,0,0,0,0,0,1,2,59.6,0.11,2.48
Kadarius Toney,KC,9,WR,19,16,0,171,0,2,0,2,84.2,3.63,9,10.69,6.88,6,6,2,31.6,37.5,100,0,0,0,0,0,7,0,82,0,1,0,11.71,5.86,5,0.71,0,2,1,28.6,100,0,0,0,0,0,0,59.3,0.41,2.58
Justin Watson,KC,17,WR,32,15,2,315,0,2,1,4,46.9,20.25,9.84,21,3.67,10,2,2,31.3,13.3,100,5,1,15.6,6.7,50,0,0,0,0,0,0,0,0,0,0,0,0,0,0,0,0,0,0,0,0,0,58.5,0.12,3.9
Jarvis Landry,NO,9,WR,37,25,1,272,1,1,0,0,67.6,9.65,7.35,10.88,2.48,11,6,1,29.7,24,100,4,1,10.8,4,100,0,0,0,0,0,0,0,0,0,0,1,0,0,0,0,0,0,0,0,1,1,58.2,0.19,2.33
Ray-Ray McCloud III,SF,17,WR,21,14,1,243,0,1,0,2,66.7,13.24,11.57,17.36,6.79,4,3,1,19,21.4,100,1,1,4.8,7.1,100,4,1,78,0,1,1,19.5,2.5,0,0,0,0,0,0,0,0,0,0,0,0,0,58.1,0.2,3.23
Kendall Hinton,DEN,12,WR,31,24,0,311,0,0,0,3,77.4,8.74,10.03,12.96,5.63,4,3,0,12.9,12.5,0,1,0,3.2,0,0,2,0,13,0,0,0,6.5,1,0,0,0,0,0,0,0,0,0,0,0,0,0,56.4,0.12,2.17
Rashod Bateman,BLT,6,WR,28,15,2,285,1,2,2,5,53.6,13.18,10.18,19,9.13,5,2,1,17.9,13.3,50,1,0,3.6,0,0,0,0,0,0,0,0,0,0,0,0,1,0,0,0,0,0,0,0,0,0,0,55.5,0.29,3.7
Chosen Anderson,ARZ,16,WR,43,20,1,282,1,1,1,1,46.5,14.56,6.56,14.1,4.85,8,2,0,18.6,10,0,2,0,4.7,0,0,0,0,0,0,0,0,0,0,0,0,1,0,0,0,0,0,0,0,0,0,0,54.2,0.11,2.71
Braxton Berrios,NYJ,16,WR,31,18,0,145,0,0,0,2,58.1,6.74,4.68,8.06,5.28,8,4,0,25.8,22.2,0,1,0,3.2,0,0,9,0,91,0,2,0,10.11,2.56,1,0.11,0,2,2,22.2,100,0,0,0,0,0,0,53.6,0.18,1.99
Tre'Quan Smith,NO,15,WR,26,19,1,278,1,1,0,1,73.1,13,10.69,14.63,3.26,9,6,1,34.6,31.6,100,1,0,3.8,0,0,0,0,0,0,0,0,0,0,0,0,0,0,0,0,0,0,0,0,0,0,0,52.8,0.13,2.78
Damiere Byrd,ATL,14,WR,22,13,2,268,0,2,2,1,59.1,20.5,12.18,20.62,8,4,0,0,18.2,0,0,1,0,4.5,0,0,0,0,0,0,0,0,0,0,0,0,0,0,0,0,0,0,0,0,0,0,0,51.8,0.17,3.98
Phillip Dorsett,HST,15,WR,39,20,0,257,0,1,0,2,51.3,11.54,6.59,12.85,2.85,11,6,1,28.2,30,100,1,0,2.6,0,0,0,0,0,0,0,0,0,0,0,0,0,0,0,0,0,0,0,0,0,0,0,51.7,0.11,2.58
Wan'Dale Robinson,NYG,6,WR,30,23,0,227,1,1,0,2,76.7,6.07,7.57,9.87,5.52,5,3,1,16.7,13,100,0,0,0,0,0,2,0,-1,0,0,0,-0.5,1,1,0.5,0,0,0,0,0,0,0,0,0,0,0,51.6,0.23,2.06
Michael Thomas,NO,3,WR,22,16,0,171,0,3,0,1,72.7,10.55,7.77,10.69,1.56,5,4,3,22.7,25,100,3,3,13.6,18.8,100,0,0,0,0,0,0,0,0,0,0,0,0,0,0,0,0,0,0,0,0,0,51.1,0.38,3.19
Skyy Moore,KC,16,WR,32,22,0,250,0,0,0,1,68.8,8.81,7.81,11.36,6.64,3,2,0,9.4,9.1,0,1,0,3.1,0,0,3,0,24,0,0,0,8,1.67,0,0,0,1,0,33.3,0,0,0,0,0,0,0,49.4,0.16,1.98
Sammy Watkins,BLT,12,WR,27,16,3,325,0,0,0,2,59.3,13.19,12.04,20.31,7.88,6,2,0,22.2,12.5,0,2,0,7.4,0,0,0,0,0,0,0,0,0,0,0,0,1,0,0,0,0,0,0,0,0,0,0,48.5,0.14,3.03
Brandon Powell,LA,17,WR,31,24,0,156,0,0,0,0,77.4,1.42,5.03,6.5,7.67,7,5,0,22.6,20.8,0,0,0,0,0,0,17,0,80,0,0,0,4.71,3.18,1,0.06,0,3,0,17.6,0,0,0,0,0,0,0,47.6,0.16,1.16
David Bell,CLV,16,WR,32,24,0,214,0,0,0,2,75,6.59,6.69,8.92,3.08,3,3,0,9.4,12.5,0,0,0,0,0,0,0,0,0,0,0,0,0,0,0,0,0,0,0,0,0,0,0,0,0,0,0,45.4,0.09,1.89
Amari Rodgers,HST,14,WR,23,16,0,204,0,1,0,1,69.6,10.7,8.87,12.75,4,3,1,1,13,6.3,100,1,0,4.3,0,0,2,0,7,0,0,0,3.5,1.5,0,0,2,0,0,0,0,0,0,0,0,0,1,43.1,0.16,2.39
Ashton Dulin,IND,12,WR,20,15,0,207,0,1,0,0,75,13.3,10.35,13.8,2.33,5,4,1,25,26.7,100,2,1,10,6.7,100,2,0,8,0,0,0,4,0.5,0,0,0,0,0,0,0,0,0,0,0,0,0,42.5,0.19,2.5
Scotty Miller,TB,14,WR,40,23,0,185,0,0,0,1,57.5,13.03,4.63,8.04,1.57,15,7,0,37.5,30.4,0,2,0,5,0,0,1,0,8,0,0,0,8,8,0,0,0,0,0,0,0,0,0,0,0,0,0,42.3,0.16,1.76
Velus Jones Jr.,CHI,11,WR,12,7,1,107,0,1,0,1,58.3,19.17,8.92,15.29,6,3,1,1,25,14.3,100,0,0,0,0,0,9,1,104,0,1,1,11.56,8.56,2,0.22,1,1,0,11.1,0,0,0,0,0,0,0,40.1,0.25,2.51
KhaDarel Hodge,ATL,17,WR,19,13,0,202,0,1,0,1,68.4,12.89,10.63,15.54,4.69,4,3,1,21.1,23.1,100,1,1,5.3,7.7,100,0,0,0,0,0,0,0,0,0,0,0,0,0,0,0,0,0,0,0,1,1,39.2,0.2,3.02
Marquez Callaway,NO,14,WR,32,16,0,158,0,1,0,2,50,12.53,4.94,9.88,2.44,9,3,1,28.1,18.8,100,4,1,12.5,6.3,100,0,0,0,0,0,0,0,0,0,0,0,0,0,0,0,0,0,0,0,0,0,37.8,0.1,2.36
Zach Pascal,PHI,17,WR,18,15,0,150,0,1,0,0,83.3,5.28,8.33,10,5.93,4,4,1,22.2,26.7,100,0,0,0,0,0,1,0,0,0,0,0,0,2,0,0,0,1,0,100,0,0,0,0,0,0,0,36,0.11,2.25
Byron Pringle,CHI,11,WR,15,10,0,135,0,2,0,0,66.7,15.53,9,13.5,1.5,4,2,2,26.7,20,100,3,1,20,10,50,0,0,0,0,0,0,0,0,0,0,0,0,0,0,0,0,0,0,0,0,0,35.5,0.13,3.55
Sterling Shepard,NYG,3,WR,21,13,1,154,0,1,1,2,61.9,10.62,7.33,11.85,4,3,1,0,14.3,7.7,0,0,0,0,0,0,0,0,0,0,0,0,0,0,0,0,0,0,0,0,0,0,0,0,0,0,0,34.4,0.21,2.65
Jalen Nailor,MIN,6,WR,12,9,1,179,0,1,1,0,75,12.42,14.92,19.89,7.56,2,2,1,16.7,22.2,100,0,0,0,0,0,0,0,0,0,0,0,0,0,0,0,0,0,0,0,0,0,0,0,0,0,0,32.9,0.56,3.66
Dyami Brown,WAS,15,WR,12,5,1,143,1,2,1,0,41.7,27.33,11.92,28.6,6.2,4,1,1,33.3,20,50,1,0,8.3,0,0,1,0,15,0,0,0,15,1,0,0,0,0,0,0,0,0,0,0,0,0,0,32.8,0.19,5.47
Khalil Shakir,BUF,14,WR,17,10,0,161,0,1,0,1,58.8,12,9.47,16.1,7.5,3,1,1,17.6,10,100,2,0,11.8,0,0,0,0,0,0,0,0,0,0,0,0,0,0,0,0,0,0,0,0,0,1,1,32.1,0.12,3.21
Steven Sims,PIT,12,WR,22,14,0,104,0,0,0,0,63.6,5.41,4.73,7.43,4.5,1,0,0,4.5,0,0,1,0,4.5,0,0,13,0,70,0,0,0,5.38,3.15,3,0.23,0,1,0,7.7,0,0,0,0,0,0,0,31.4,0.11,1.16
River Cracraft,MIA,11,WR,14,9,0,102,0,2,0,0,64.3,9.29,7.29,11.33,2.78,4,3,2,28.6,33.3,100,3,2,21.4,22.2,100,0,0,0,0,0,0,0,0,0,0,0,0,0,0,0,0,0,0,0,0,0,31.2,0.2,3.47
Keelan Cole,LV,14,WR,22,10,0,141,0,1,0,2,45.5,17.27,6.41,14.1,2.2,7,2,1,31.8,20,100,5,1,22.7,10,100,0,0,0,0,0,0,0,0,0,0,0,0,0,0,0,0,0,0,0,0,0,30.1,0.08,3.01
Denzel Mims,NYJ,10,WR,25,11,1,186,0,0,0,2,44,12.68,7.44,16.91,7.09,2,1,0,8,9.1,0,0,0,0,0,0,0,0,0,0,0,0,0,0,0,0,0,0,0,0,0,0,0,0,0,0,0,29.6,0.11,2.69
Jalen Reagor,MIN,14,WR,13,8,0,104,0,1,0,0,61.5,13.62,8,13,3.38,2,1,1,15.4,12.5,100,0,0,0,0,0,4,0,25,0,0,0,6.25,1,1,0.25,0,1,0,25,0,0,0,0,0,0,0,26.9,0.33,2.24
Cedrick Wilson,MIA,15,WR,17,12,0,136,0,0,0,1,70.6,10.82,8,11.33,4.25,2,0,0,11.8,0,0,1,0,5.9,0,0,1,0,8,0,0,0,8,7,1,1,0,0,0,0,0,0,0,0,0,0,0,26.4,0.11,2.03
K.J. Hamler,DEN,7,WR,15,7,3,165,0,0,0,0,46.7,24.87,11,23.57,3.29,5,1,0,33.3,14.3,0,2,0,13.3,0,0,2,0,23,0,0,0,11.5,8,2,1,0,1,0,50,0,0,0,0,0,0,0,25.8,0.12,2.87
Breshad Perriman,TB,11,WR,19,9,0,110,0,1,0,1,47.4,15.11,5.79,12.22,5.89,6,1,1,31.6,11.1,100,3,1,15.8,11.1,100,2,0,-7,0,0,0,-3.5,0,0,0,2,0,0,0,0,0,0,0,0,0,0,25.3,0.11,2.3
N'Keal Harry,CHI,7,WR,9,7,1,116,0,1,0,0,77.8,16.56,12.89,16.57,2.29,3,2,1,33.3,28.6,100,0,0,0,0,0,0,0,0,0,0,0,0,0,0,0,0,0,0,0,0,0,0,0,0,0,0,24.6,0.14,3.51
DeSean Jackson,BLT,7,WR,17,9,1,153,0,0,0,0,52.9,17.94,9,17,2.56,3,0,0,17.6,0,0,1,0,5.9,0,0,0,0,0,0,0,0,0,0,0,0,0,0,0,0,0,0,0,0,0,0,0,24.3,0.22,2.7
Tom Kennedy,DET,7,WR,13,8,1,141,0,0,0,0,61.5,9.46,10.85,17.63,9.38,2,0,0,15.4,0,0,0,0,0,0,0,0,0,0,0,0,0,0,0,0,0,0,0,0,0,0,0,0,0,0,0,0,22.1,0.1,2.76
David Sills,NYG,9,WR,17,11,0,106,0,0,0,1,64.7,7.88,6.24,9.64,3.64,2,2,0,11.8,18.2,0,0,0,0,0,0,0,0,0,0,0,0,0,0,0,0,0,0,0,0,0,0,0,0,0,0,0,21.6,0.08,1.96
Jeff Smith,NYJ,11,WR,12,8,1,134,0,0,0,0,66.7,13.08,11.17,16.75,5.13,5,2,0,41.7,25,0,2,0,16.7,0,0,0,0,0,0,0,0,0,0,0,0,0,0,0,0,0,0,0,0,0,0,0,21.4,0.15,2.67
Anthony Schwartz,CLV,10,WR,10,4,0,51,0,0,0,2,40,14.6,5.1,12.75,7.5,1,0,0,10,0,0,0,0,0,0,0,4,0,57,0,1,0,14.25,2.5,1,0.25,1,0,0,0,0,0,0,0,0,0,0,20.8,0.19,2.6
Kenny Golladay,NYG,12,WR,17,6,0,81,0,1,0,2,35.3,10.41,4.76,13.5,1.83,4,2,1,23.5,33.3,100,2,1,11.8,16.7,100,0,0,0,0,0,0,0,0,0,0,0,0,0,0,0,0,0,0,0,0,0,20.1,0.08,3.35
Samori Toure,GB,11,WR,9,5,0,82,0,1,0,0,55.6,19.78,9.11,16.4,2,4,2,1,44.4,40,100,1,1,11.1,20,100,0,0,0,0,0,0,0,0,0,0,1,0,0,0,0,0,0,0,0,0,0,19.2,0.17,3.84
T.Y. Hilton,DAL,3,WR,10,7,1,121,0,0,0,2,70,17.1,12.1,17.29,5,1,1,0,10,14.3,0,0,0,0,0,0,0,0,0,0,0,0,0,0,0,0,0,0,0,0,0,0,0,0,0,0,0,19.1,0.32,2.73
Michael Bandy,LAC,10,WR,18,10,0,89,0,0,0,1,55.6,11.17,4.94,8.9,2,3,2,0,16.7,20,0,0,0,0,0,0,0,0,0,0,0,0,0,0,0,0,0,0,0,0,0,0,0,0,0,0,0,18.9,0.09,1.89
Marcus Johnson,NYG,14,WR,20,9,0,99,0,0,0,2,45,10.95,4.95,11,4.11,6,2,0,30,22.2,0,2,0,10,0,0,0,0,0,0,0,0,0,0,0,0,0,0,0,0,0,0,0,0,0,0,1,18.9,0.06,2.1
Marcus Jones,NE,5,WR,4,4,1,78,0,1,1,0,100,-4.25,19.5,19.5,23.75,0,0,0,0,0,0,0,0,0,0,0,0,0,0,0,0,0,0,0,0,0,0,0,0,0,0,0,0,0,0,0,0,17.8,0.99,4.45
Cam Sims,WAS,17,WR,18,8,0,89,0,0,0,0,44.4,14.94,4.94,11.13,2.75,4,1,0,22.2,12.5,0,3,0,16.7,0,0,0,0,0,0,0,0,0,0,0,0,0,0,0,0,0,0,0,0,0,0,0,16.9,0.05,2.11
Brandon Johnson,DEN,7,WR,12,6,0,42,0,1,0,0,50,15.5,3.5,7,2.17,3,1,1,25,16.7,100,2,1,16.7,16.7,100,0,0,0,0,0,0,0,0,0,0,0,0,0,0,0,0,0,0,0,0,0,16.2,0.08,2.7
Kyle Philips,TEN,4,WR,13,8,0,78,0,0,0,1,61.5,7.77,6,9.75,2.38,1,1,0,7.7,12.5,0,0,0,0,0,0,0,0,0,0,0,0,0,0,0,0,0,0,0,0,0,0,0,0,0,0,0,15.8,0.25,1.98
Dax Milne,WAS,13,WR,7,6,0,37,0,1,0,0,85.7,5.29,5.29,6.17,2.33,3,3,1,42.9,50,100,0,0,0,0,0,0,0,0,0,0,0,0,0,0,0,0,0,0,0,0,0,0,0,0,0,0,15.7,0.19,2.62
Jalen Virgil,DEN,9,WR,4,2,1,75,0,1,1,0,50,18.25,18.75,37.5,21.5,2,0,0,50,0,0,1,0,25,0,0,0,0,0,0,0,0,0,0,0,0,0,0,0,0,0,0,0,0,0,0,0,15.5,0.21,7.75
Jameson Williams,DET,6,WR,8,1,1,41,0,1,1,2,12.5,19.25,5.13,41,5,2,1,1,25,100,100,1,0,12.5,0,0,1,1,40,0,0,0,40,5,0,0,0,0,0,0,0,0,0,0,0,0,0,15.1,0.19,7.55
Gunner Olszewski,PIT,15,WR,6,5,0,53,0,0,0,0,83.3,8.67,8.83,10.6,3,2,2,0,33.3,40,0,0,0,0,0,0,8,0,39,0,0,0,4.88,2.63,0,0,0,0,0,0,0,0,0,0,0,0,0,14.2,0.07,1.09
James Proche,BLT,14,WR,16,8,0,62,0,0,0,1,50,10,3.88,7.75,2.13,2,1,0,12.5,12.5,0,0,0,0,0,0,0,0,0,0,0,0,0,0,0,0,0,0,0,0,0,0,0,0,0,0,0,14.2,0.07,1.77
D'Wayne Eskridge,SEA,9,WR,12,7,0,58,0,0,0,0,58.3,3.67,4.83,8.29,6.43,0,0,0,0,0,0,0,0,0,0,0,2,0,10,0,0,0,5,2,0,0,0,0,0,0,0,0,0,0,0,0,0,13.8,0.08,1.53
Trent Taylor,CIN,14,WR,10,6,0,62,0,0,0,0,60,4.5,6.2,10.33,7,0,0,0,0,0,0,0,0,0,0,0,4,0,15,0,0,0,3.75,2,1,0.25,0,2,0,50,0,1,0,25,0,0,0,13.7,0.09,1.37
Jamison Crowder,BUF,4,WR,12,6,0,60,0,0,0,1,50,9.92,5,10,5,1,0,0,8.3,0,0,0,0,0,0,0,0,0,0,0,0,0,0,0,0,0,0,0,0,0,0,0,0,0,0,0,0,12,0.13,2
Andre Baccellia,ARZ,8,WR,10,7,0,45,0,0,0,0,70,8.9,4.5,6.43,1.86,2,0,0,20,0,0,1,0,10,0,0,0,0,0,0,0,0,0,0,0,0,0,0,0,0,0,0,0,0,0,0,0,11.5,0.1,1.64
Freddie Swain,DEN,4,WR,6,4,1,74,0,0,0,0,66.7,10.5,12.33,18.5,7.25,1,0,0,16.7,0,0,0,0,0,0,0,0,0,0,0,0,0,0,0,0,0,0,0,0,0,0,0,0,0,0,0,0,11.4,0.1,2.85
John Brown,BUF,3,WR,2,1,1,42,0,1,1,0,50,43.5,21,42,0,2,1,1,100,100,100,1,1,50,100,100,0,0,0,0,0,0,0,0,0,0,0,0,0,0,0,0,0,0,0,0,0,11.2,0.51,11.2
Deven Thompkins,TB,4,WR,10,5,0,32,0,0,0,0,50,7.6,3.2,6.4,6.8,2,1,0,20,20,0,0,0,0,0,0,2,0,26,0,0,0,13,4,0,0,0,0,0,0,0,0,0,0,0,0,0,10.8,0.15,1.54
Jake Kumerow,BUF,6,WR,7,4,0,64,0,0,0,0,57.1,10.86,9.14,16,4.75,0,0,0,0,0,0,0,0,0,0,0,0,0,0,0,0,0,0,0,0,0,0,0,0,0,0,0,0,0,0,0,0,10.4,0.11,2.6
Laquon Treadwell,SEA,6,WR,8,6,0,42,0,0,0,1,75,5.63,5.25,7,2,4,4,0,50,66.7,0,0,0,0,0,0,0,0,0,0,0,0,0,0,0,0,0,0,0,0,0,0,0,0,0,0,0,10.2,0.07,1.7
Cole Beasley,BUF,4,WR,7,6,0,35,0,0,0,1,85.7,3.57,5,5.83,2.5,0,0,0,0,0,0,0,0,0,0,0,0,0,0,0,0,0,0,0,0,0,0,0,0,0,0,0,0,0,0,0,0,9.5,0.32,1.58
Kevin White,NO,7,WR,5,2,1,74,0,0,0,1,40,18,14.8,37,34,1,0,0,20,0,0,0,0,0,0,0,0,0,0,0,0,0,0,0,0,0,0,0,0,0,0,0,0,0,0,0,0,9.4,0.07,4.7
Michael Woods II,CLV,10,WR,10,5,0,45,0,0,0,0,50,17.7,4.5,9,3.2,5,1,0,50,20,0,3,0,30,0,0,1,0,-5,0,0,0,-5,0,0,0,0,0,0,0,0,0,0,0,0,0,0,9,0.06,1.5
Michael Strachan,IND,13,WR,9,3,0,59,0,0,0,0,33.3,17.56,6.56,19.67,3.67,6,1,0,66.7,33.3,0,4,0,44.4,0,0,0,0,0,0,0,0,0,0,0,0,0,0,0,0,0,0,0,0,0,0,0,8.9,0.07,2.97
Chris Conley,TEN,9,WR,7,4,0,46,0,0,0,1,57.1,12.43,6.57,11.5,0.75,0,0,0,0,0,0,0,0,0,0,0,0,0,0,0,0,0,0,0,0,0,0,0,0,0,0,0,0,0,0,0,0,8.6,0.06,2.15
Jalen Guyton,LAC,3,WR,4,2,1,64,0,0,0,0,50,28.25,16,32,4,2,0,0,50,0,0,0,0,0,0,0,0,0,0,0,0,0,0,0,0,0,0,0,0,0,0,0,0,0,0,0,0,8.4,0.29,4.2
Cody Hollister,TEN,11,WR,5,3,0,54,0,0,0,0,60,15.8,10.8,18,2.67,2,2,0,40,66.7,0,0,0,0,0,0,0,0,0,0,0,0,0,0,0,0,0,0,0,0,0,0,0,0,0,0,0,8.4,0.05,2.8
Tylan Wallace,BLT,8,WR,6,4,0,33,0,0,0,0,66.7,15,5.5,8.25,3,1,0,0,16.7,0,0,0,0,0,0,0,0,0,0,0,0,0,0,0,0,0,0,0,0,0,0,0,0,0,0,0,0,7.3,0.09,1.82
Montrell Washington,DEN,14,WR,10,4,0,2,0,0,0,1,40,18.6,0.2,0.5,3.5,3,0,0,30,0,0,1,0,10,0,0,5,0,30,0,0,0,6,7.2,4,0.8,0,1,0,20,0,0,0,0,0,0,0,7.2,0.09,0.8
Racey McMath,TEN,4,WR,7,2,0,40,0,0,0,0,28.6,26.86,5.71,20,2.5,3,0,0,42.9,0,0,2,0,28.6,0,0,1,0,4,0,0,0,4,2,0,0,0,0,0,0,0,0,0,0,0,0,0,6.4,0.1,2.13
Tim Jones,JAX,16,WR,4,3,0,30,0,0,0,1,75,1.25,7.5,10,7.33,1,1,0,25,33.3,0,0,0,0,0,0,0,0,0,0,0,0,0,0,0,0,0,0,0,0,0,0,0,0,0,0,0,6,0.04,2
Mike Thomas,CIN,10,WR,9,2,0,38,0,0,0,2,22.2,14.78,4.22,19,12,5,0,0,55.6,0,0,3,0,33.3,0,0,0,0,0,0,0,0,0,0,0,0,0,0,0,0,0,0,0,0,0,1,1,5.8,0.03,2.9
Simi Fehoko,DAL,5,WR,4,3,0,24,0,0,0,0,75,12.75,6,8,3.33,1,0,0,25,0,0,0,0,0,0,0,0,0,0,0,0,0,0,0,0,0,0,0,0,0,0,0,0,0,0,0,0,5.4,0.15,1.8
Penny Hart,SEA,7,WR,4,3,0,20,0,0,0,0,75,7.75,5,6.67,4,1,0,0,25,0,0,1,0,25,0,0,0,0,0,0,0,0,0,0,0,0,0,0,0,0,0,0,0,0,0,0,1,5,0.15,1.67
Jaelon Darden,CLV,8,WR,2,2,0,26,0,0,0,0,100,5.5,13,13,7.5,0,0,0,0,0,0,0,0,0,0,0,1,0,2,0,0,0,2,0,0,0,0,0,0,0,0,0,0,0,0,0,0,4.8,0.08,1.6
Tyrie Cleveland,DEN,4,WR,6,2,0,28,0,0,0,0,33.3,11.5,4.67,14,8.5,3,0,0,50,0,0,2,0,33.3,0,0,0,0,0,0,0,0,0,0,0,0,0,0,0,0,0,0,0,0,0,0,0,4.8,0.06,2.4
Daylen Baldwin,CLV,1,WR,2,2,0,25,0,0,0,0,100,12.5,12.5,12.5,0,1,1,0,50,50,0,0,0,0,0,0,0,0,0,0,0,0,0,0,0,0,0,0,0,0,0,0,0,0,0,0,0,4.5,0.38,2.25
Bryan Edwards,ATL,7,WR,5,3,0,15,0,0,0,0,60,9.2,3,5,3.67,4,2,0,80,66.7,0,2,0,40,0,0,0,0,0,0,0,0,0,0,0,0,0,0,0,0,0,0,0,0,0,0,0,4.5,0.05,1.5
Dareke Young,SEA,13,WR,2,2,0,24,0,0,0,0,100,0,12,12,12,0,0,0,0,0,0,0,0,0,0,0,0,0,0,0,0,0,0,0,0,0,0,0,0,0,0,0,0,0,0,0,0,4.4,0.04,2.2
Dezmon Patmon,IND,1,WR,6,2,0,24,0,0,0,1,33.3,14.5,4,12,3.5,1,0,0,16.7,0,0,1,0,16.7,0,0,0,0,0,0,0,0,0,0,0,0,0,0,0,0,0,0,0,0,0,0,0,4.4,0.18,2.2
Andy Isabella,BLT,5,WR,5,2,0,21,0,0,0,0,40,14,4.2,10.5,2.5,2,0,0,40,0,0,0,0,0,0,0,1,0,1,0,0,0,1,2,1,1,0,1,0,100,0,0,0,0,0,0,0,4.2,0.06,1.4
Cade Johnson,SEA,3,WR,4,2,0,21,0,0,0,0,50,8.5,5.25,10.5,3.5,0,0,0,0,0,0,0,0,0,0,0,0,0,0,0,0,0,0,0,0,0,0,0,0,0,0,0,0,0,0,0,0,4.1,0.07,2.05
Pharoh Cooper,ARZ,3,WR,2,2,0,6,0,0,0,0,100,-3,3,3,6,0,0,0,0,0,0,0,0,0,0,0,4,0,15,0,0,0,3.75,2.75,0,0,0,1,0,25,0,0,0,0,0,0,0,4.1,0.16,0.68
Lil'Jordan Humphrey,NE,5,WR,3,2,0,20,0,0,0,0,66.7,5.67,6.67,10,7.5,0,0,0,0,0,0,0,0,0,0,0,0,0,0,0,0,0,0,0,0,0,0,0,0,0,0,0,0,0,0,0,0,4,0.03,2
Keith Kirkwood,NO,5,WR,4,2,0,18,0,0,0,1,50,13.75,4.5,9,1.5,1,0,0,25,0,0,0,0,0,0,0,0,0,0,0,0,0,0,0,0,0,0,0,0,0,0,0,0,0,0,0,0,3.8,0.02,1.9
Braylon Sanders,MIA,3,WR,3,2,0,17,0,0,0,0,66.7,13.33,5.67,8.5,2,0,0,0,0,0,0,0,0,0,0,0,0,0,0,0,0,0,0,0,0,0,1,0,0,0,0,0,0,0,0,0,0,3.7,0.11,1.85
KaVontae Turpin,DAL,16,WR,1,1,0,9,0,0,0,0,100,4,9,9,5,0,0,0,0,0,0,0,0,0,0,0,3,0,17,0,0,0,5.67,1.67,0,0,0,1,0,33.3,0,0,0,0,0,0,0,3.6,0.06,0.9
Dennis Houston,DAL,2,WR,6,2,0,16,0,0,0,0,33.3,14.33,2.67,8,3,1,0,0,16.7,0,0,1,0,16.7,0,0,0,0,0,0,0,0,0,0,0,0,0,0,0,0,0,0,0,0,0,0,0,3.6,0.06,1.8
Quintez Cephus,DET,4,WR,3,2,0,15,0,0,0,0,66.7,5.33,5,7.5,2,0,0,0,0,0,0,0,0,0,0,0,0,0,0,0,0,0,0,0,0,0,0,0,0,0,0,0,0,0,0,0,0,3.5,0.07,1.75
Nsimba Webster,CHI,1,WR,3,2,0,14,0,0,0,0,66.7,7,4.67,7,2.5,0,0,0,0,0,0,0,0,0,0,0,0,0,0,0,0,0,0,0,0,0,1,0,0,0,0,0,0,0,0,0,0,3.4,0.34,1.7
Deonte Harty,NO,4,WR,2,2,0,13,0,0,0,0,100,2.5,6.5,6.5,4,0,0,0,0,0,0,0,0,0,0,0,0,0,0,0,0,0,0,0,0,0,0,0,0,0,0,0,0,0,0,0,0,3.3,0.14,1.65
Austin Trammell,LA,6,WR,4,2,0,13,0,0,0,0,50,7,3.25,6.5,0,0,0,0,0,0,0,0,0,0,0,0,0,0,0,0,0,0,0,0,0,0,0,0,0,0,0,0,0,0,0,0,0,3.3,0.06,1.65
Jalen Tolbert,DAL,7,WR,3,2,0,12,0,0,0,0,66.7,15.67,4,6,0,1,1,0,33.3,50,0,0,0,0,0,0,0,0,0,0,0,0,0,0,0,0,0,0,0,0,0,0,0,0,0,0,0,3.2,0.04,1.6
Miles Boykin,PIT,14,WR,3,2,0,11,0,0,0,0,66.7,14.67,3.67,5.5,0,0,0,0,0,0,0,0,0,0,0,0,0,0,0,0,0,0,0,0,0,0,0,0,0,0,0,0,0,0,0,0,0,3.1,0.02,1.55
Keke Coutee,IND,2,WR,1,1,0,20,0,0,0,0,100,10,20,20,10,0,0,0,0,0,0,0,0,0,0,0,0,0,0,0,0,0,0,0,0,0,1,0,0,0,0,0,0,0,0,0,0,3,1.5,3
Danny Gray,SF,13,WR,6,1,0,10,0,0,0,0,16.7,24.5,1.67,10,4,2,0,0,33.3,0,0,1,0,16.7,0,0,1,0,9,0,0,0,9,7,0,0,0,0,0,0,0,0,0,0,0,0,0,2.9,0.03,1.45
Juwann Winfree,GB,3,WR,4,1,0,17,0,0,0,1,25,13.5,4.25,17,5,1,0,0,25,0,0,0,0,0,0,0,0,0,0,0,0,0,0,0,0,0,0,0,0,0,0,0,0,0,0,0,0,2.7,0.08,2.7
DJ Turner,LV,6,WR,1,0,0,0,0,0,0,1,0,-3,0,0,0,1,0,0,100,0,0,0,0,0,0,0,4,0,26,0,0,0,6.5,5.5,1,0.25,0,1,0,25,0,0,0,0,0,0,0,2.6,0.12,0.65
Frank Darby,ATL,5,WR,1,1,0,15,0,0,0,0,100,15,15,15,0,1,1,0,100,100,0,0,0,0,0,0,0,0,0,0,0,0,0,0,0,0,0,0,0,0,0,0,0,0,0,0,0,2.5,0.05,2.5
Ihmir Smith-Marsette,KC,7,WR,3,1,0,15,0,0,0,1,33.3,8.67,5,15,5,0,0,0,0,0,0,0,0,0,0,0,1,0,-1,0,0,0,-1,0,0,0,1,0,0,0,0,0,0,0,0,0,0,2.4,0.03,1.2
Demetric Felton,CLV,5,WR,5,2,0,8,0,0,0,0,40,3.8,1.6,4,5.5,0,0,0,0,0,0,0,0,0,0,0,1,0,-4,0,0,0,-4,1,1,1,0,0,0,0,0,0,0,0,0,0,0,2.4,0.03,0.8
Tyron Johnson,HST,4,WR,1,1,0,8,0,0,0,0,100,-2,8,8,10,0,0,0,0,0,0,0,0,0,0,0,0,0,0,0,0,0,0,0,0,0,0,0,0,0,0,0,0,0,0,0,0,1.8,0.05,1.8
Jalen Camp,HST,2,WR,1,1,0,7,0,0,0,0,100,7,7,7,0,0,0,0,0,0,0,0,0,0,0,0,0,0,0,0,0,0,0,0,0,0,0,0,0,0,0,0,0,0,0,0,0,1.7,0.08,1.7
Maurice Alexander,DET,4,WR,1,1,0,7,0,0,0,0,100,2,7,7,5,0,0,0,0,0,0,0,0,0,0,0,0,0,0,0,0,0,0,0,0,0,0,0,0,0,0,0,0,0,0,0,0,1.7,0.24,1.7
C.J. Board,TEN,1,WR,1,1,0,6,0,0,0,0,100,6,6,6,0,0,0,0,0,0,0,0,0,0,0,0,0,0,0,0,0,0,0,0,0,0,0,0,0,0,0,0,0,0,0,0,0,1.6,0.1,1.6
Jason Moore,LAC,6,WR,2,1,0,5,0,0,0,0,50,13,2.5,5,0,1,0,0,50,0,0,1,0,50,0,0,0,0,0,0,0,0,0,0,0,0,0,0,0,0,0,0,0,0,0,0,0,1.5,0.03,1.5
Mason Kinsey,TEN,1,WR,1,1,0,3,0,0,0,0,100,3,3,3,0,0,0,0,0,0,0,0,0,0,0,0,0,0,0,0,0,0,0,0,0,0,0,0,0,0,0,0,0,0,0,0,0,1.3,0.1,1.3
Erik Ezukanma,MIA,1,WR,1,1,0,3,0,0,0,0,100,-4,3,3,7,0,0,0,0,0,0,0,0,0,0,0,0,0,0,0,0,0,0,0,0,0,0,0,0,0,0,0,0,0,0,0,0,1.3,0.13,1.3
Cody White,PIT,1,WR,1,1,0,2,0,0,0,0,100,1,2,2,1,0,0,0,0,0,0,0,0,0,0,0,0,0,0,0,0,0,0,0,0,0,0,0,0,0,0,0,0,0,0,0,0,1.2,0.12,1.2
Trinity Benson,DET,1,WR,0,0,0,0,0,0,0,0,0,0,0,0,0,0,0,0,0,0,0,0,0,0,0,0,0,0,0,0,0,0,0,0,0,0,0,0,0,0,0,0,0,0,0,0,0,0,0,
Johnny Johnson III,HST,1,WR,0,0,0,0,0,0,0,0,0,0,0,0,0,0,0,0,0,0,0,0,0,0,0,0,0,0,0,0,0,0,0,0,0,0,0,0,0,0,0,0,0,0,0,0,0,0,0,
Kyric McGowan,WAS,2,WR,0,0,0,0,0,0,0,0,0,0,0,0,0,0,0,0,0,0,0,0,0,0,0,0,0,0,0,0,0,0,0,0,0,0,0,0,0,0,0,0,0,0,0,0,0,0,0,
Lance McCutcheon,LA,8,WR,4,0,0,0,0,0,0,0,0,14.25,0,0,0,2,0,0,50,0,0,0,0,0,0,0,0,0,0,0,0,0,0,0,0,0,0,0,0,0,0,0,0,0,0,0,0,0,0,
Josh Ali,ATL,2,WR,1,0,0,0,0,0,0,0,0,49,0,0,0,0,0,0,0,0,0,0,0,0,0,0,0,0,0,0,0,0,0,0,0,0,0,0,0,0,0,0,0,0,0,0,0,0,0,
James Washington,DAL,2,WR,1,0,0,0,0,0,0,0,0,6,0,0,0,0,0,0,0,0,0,0,0,0,0,0,0,0,0,0,0,0,0,0,0,0,0,0,0,0,0,0,0,0,0,0,0,0,0,
Dez Fitzpatrick,TEN,1,WR,0,0,0,0,0,0,0,0,0,0,0,0,0,0,0,0,0,0,0,0,0,0,0,0,0,0,0,0,0,0,0,0,0,0,0,0,0,0,0,0,0,0,0,0,0,0,0,
Binjimen Victor,BLT,1,WR,0,0,0,0,0,0,0,0,0,0,0,0,0,0,0,0,0,0,0,0,0,0,0,0,0,0,0,0,0,0,0,0,0,0,0,0,0,0,0,0,0,0,0,0,0,0,0,
Preston Williams,CAR,1,WR,0,0,0,0,0,0,0,0,0,0,0,0,0,0,0,0,0,0,0,0,0,0,0,0,0,0,0,0,0,0,0,0,0,0,0,0,0,0,0,0,0,0,0,0,0,0,0,
Tanner Gentry,BUF,3,WR,1,0,0,0,0,0,0,0,0,7,0,0,0,0,0,0,0,0,0,0,0,0,0,0,0,0,0,0,0,0,0,0,0,0,0,0,0,0,0,0,0,0,0,0,0,0,0,
Marcus Kemp,KC,2,WR,0,0,0,0,0,0,0,0,0,0,0,0,0,0,0,0,0,0,0,0,0,0,0,0,0,0,0,0,0,0,0,0,0,0,0,0,0,0,0,0,0,0,0,0,0,0,0,
Ethan Fernea,IND,1,WR,0,0,0,0,0,0,0,0,0,0,0,0,0,0,0,0,0,0,0,0,0,0,0,0,0,0,0,0,0,0,0,0,0,0,0,0,0,0,0,0,0,0,0,0,0,0,0,
Raleigh Webb,NE,1,WR,0,0,0,0,0,0,0,0,0,0,0,0,0,0,0,0,0,0,0,0,0,0,0,0,0,0,0,0,0,0,0,0,0,0,0,0,0,0,0,0,0,0,0,0,0,0,0,
Tyler Johnson,HST,2,WR,0,0,0,0,0,0,0,0,0,0,0,0,0,0,0,0,0,0,0,0,0,0,0,0,0,0,0,0,0,0,0,0,0,0,0,0,0,0,0,0,0,0,0,0,0,0,0,
Kirk Merritt,NO,3,WR,1,0,0,0,0,0,0,0,0,22,0,0,0,1,0,0,100,0,0,0,0,0,0,0,0,0,0,0,0,0,0,0,0,0,0,0,0,0,0,0,0,0,0,0,0,0,0,
Jared Bernhardt,ATL,2,WR,0,0,0,0,0,0,0,0,0,0,0,0,0,0,0,0,0,0,0,0,0,0,0,0,0,0,0,0,0,0,0,0,0,0,0,0,0,0,0,0,0,0,0,0,0,0,0,
Kaylon Geiger,TB,3,WR,0,0,0,0,0,0,0,0,0,0,0,0,0,0,0,0,0,0,0,0,0,0,0,0,0,0,0,0,0,0,0,0,0,0,0,0,0,0,0,0,0,0,0,0,0,0,0,
Tay Martin,SF,1,WR,0,0,0,0,0,0,0,0,0,0,0,0,0,0,0,0,0,0,0,0,0,0,0,0,0,0,0,0,0,0,0,0,0,0,0,0,0,0,0,0,0,0,0,0,0,0,0,
Lynn Bowden Jr.,NE,1,WR,0,0,0,0,0,0,0,0,0,0,0,0,0,0,0,0,0,0,0,0,0,0,0,0,0,0,0,0,0,0,0,0,0,0,0,0,0,0,0,0,0,0,0,0,0,0,0,
Stanley Berryhill III,DET,4,WR,0,0,0,0,0,0,0,0,0,0,0,0,0,0,0,0,0,0,0,0,0,0,0,0,0,0,0,0,0,0,0,0,0,0,0,0,0,0,0,0,0,0,0,0,0,0,0,
Stanley Morgan Jr.,CIN,14,WR,1,0,0,0,0,0,0,0,0,0,0,0,0,1,0,0,100,0,0,0,0,0,0,0,0,0,0,0,0,0,0,0,0,0,0,0,0,0,0,0,0,0,0,0,0,0,0,
Malik Turner,SF,1,WR,0,0,0,0,0,0,0,0,0,0,0,0,0,0,0,0,0,0,0,0,0,0,0,0,0,0,0,0,0,0,0,0,0,0,0,0,0,0,0,0,0,0,0,0,0,0,0,
Javon Wims,ARZ,1,WR,0,0,0,0,0,0,0,0,0,0,0,0,0,0,0,0,0,0,0,0,0,0,0,0,0,0,0,0,0,0,0,0,0,0,0,0,0,0,0,0,0,0,0,0,0,0,0,
Cornell Powell,KC,2,WR,0,0,0,0,0,0,0,0,0,0,0,0,0,0,0,0,0,0,0,0,0,0,0,0,0,0,0,0,0,0,0,0,0,0,0,0,0,0,0,0,0,0,0,0,0,0,0,
Britain Covey,PHI,4,WR,0,0,0,0,0,0,0,0,0,0,0,0,0,0,0,0,0,0,0,0,0,0,0,0,0,0,0,0,0,0,0,0,0,0,0,0,0,0,0,0,0,0,0,0,0,0,0,
Kwamie Lassiter II,CIN,1,WR,0,0,0,0,0,0,0,0,0,0,0,0,0,0,0,0,0,0,0,0,0,0,0,0,0,0,0,0,0,0,0,0,0,0,0,0,0,0,0,0,0,0,0,0,0,0,0,
Rashard Higgins,CAR,2,WR,0,0,0,0,0,0,0,0,0,0,0,0,0,0,0,0,0,0,0,0,0,0,0,0,0,0,0,0,0,0,0,0,0,0,0,0,0,0,0,0,0,0,0,0,0,0,0,
Willie Snead IV,SF,4,WR,0,0,0,0,0,0,0,0,0,0,0,0,0,0,0,0,0,0,0,0,0,0,0,0,0,0,0,0,0,0,0,0,0,0,0,0,0,0,0,0,0,0,0,0,0,0,0,
Josh Gordon,TEN,2,WR,1,0,0,0,0,0,0,0,0,13,0,0,0,0,0,0,0,0,0,0,0,0,0,0,0,0,0,0,0,0,0,0,0,0,0,0,0,0,0,0,0,0,0,0,0,0,0,
Matthew Slater,NE,6,WR,0,0,0,0,0,0,0,0,0,0,0,0,0,0,0,0,0,0,0,0,0,0,0,0,0,0,0,0,0,0,0,0,0,0,0,0,0,0,0,0,0,0,0,0,0,0,0,
